"host_id","video_extra_id"
34,1
43,2
97,3
21,4
69,5
80,6
8,7
22,8
64,9
88,10
64,11
58,12
91,13
77,14
99,15
99,16
97,17
15,18
48,19
72,20
76,21
11,22
47,23
14,24
46,25
5,26
43,27
63,28
31,29
31,30
95,31
25,32
65,33
37,34
65,35
45,36
47,37
76,38
36,39
2,40
96,41
16,42
32,43
94,44
18,45
59,46
69,47
100,48
83,49
81,50
97,51
87,52
39,53
17,54
91,55
30,56
97,57
44,58
94,59
34,60
17,61
16,62
73,63
64,64
20,65
44,66
27,67
23,68
62,69
100,70
52,71
15,72
26,73
95,74
49,75
68,76
76,77
66,78
52,79
57,80
14,81
41,82
13,83
17,84
84,85
4,86
14,87
77,88
75,89
94,90
58,91
6,92
54,93
72,94
92,95
43,96
14,97
62,98
19,99
14,100